﻿NAME,TYPE EN,SUBTYPE EN,BLOCK,POINT_X_Longitude,POINT_Y_Latitude,location
BENNIGAN'S,RESTAURANTS,AMERICAN RESTAURANTS,502,50.49796052,26.23059922,"26.2305992199999, 50.4979605199999"
CHILIS,RESTAURANTS,AMERICAN RESTAURANTS,351,50.55280613,26.22924136,"26.22924136, 50.55280613"
CHILIS,RESTAURANTS,AMERICAN RESTAURANTS,646,50.59001126,26.12633969,"26.12633969, 50.5900112599999"
CHILIS,RESTAURANTS,AMERICAN RESTAURANTS,925,50.57365142,26.12644475,"26.12644475, 50.5736514199999"
FUDDRECKERS,RESTAURANTS,AMERICAN RESTAURANTS,428,50.53767601,26.23161925,"26.23161925, 50.5376760099999"
JOHNNY ROCKETS,RESTAURANTS,AMERICAN RESTAURANTS,257,50.66365747,26.28835161,"26.2883516099999, 50.6636574699999"
PONDEROSA STEAKHOUSE,RESTAURANTS,AMERICAN RESTAURANTS,428,50.54023085,26.2317036,"26.2317035999999, 50.54023085"
T.G.I. FRIDAYS RESTAURANT,RESTAURANTS,AMERICAN RESTAURANTS,240,50.62565409,26.25461928,"26.25461928, 50.6256540899999"
TONY ROMA'S,RESTAURANTS,AMERICAN RESTAURANTS,925,50.57433298,26.12931681,"26.1293168099999, 50.57433298"
ABU ALWALEED RESTAURANT,RESTAURANTS,ARABIC RESTAURANTS,215,50.61179628,26.24542424,"26.2454242399999, 50.61179628"
ABUFALAFEL SANDWICHES,RESTAURANTS,ARABIC RESTAURANTS,210,50.61773186,26.25532952,"26.25532952, 50.6177318599999"
AL AHALI SANDWICHES,RESTAURANTS,ARABIC RESTAURANTS,106,50.65718609,26.24113308,"26.24113308, 50.65718609"
AL AHALI SANDWICHES,RESTAURANTS,ARABIC RESTAURANTS,321,50.58938431,26.22631978,"26.22631978, 50.58938431"
AL AHALI SANDWICHES,RESTAURANTS,ARABIC RESTAURANTS,1203,50.49867298,26.14144164,"26.14144164, 50.49867298"
AL AYAM PASTRIES,RESTAURANTS,ARABIC RESTAURANTS,541,50.45767246,26.20973606,"26.20973606, 50.4576724599999"
AL BAWARQ RESTAURANT,RESTAURANTS,ARABIC RESTAURANTS,931,50.57923797,26.12552954,"26.1255295399999, 50.57923797"
AL DAR RESTAURANT,RESTAURANTS,ARABIC RESTAURANTS,320,50.59846246,26.23120752,"26.23120752, 50.59846246"
AL FARHAN GRILLS,RESTAURANTS,ARABIC RESTAURANTS,1033,50.48611856,26.09772037,"26.09772037, 50.48611856"
AL FRAN PASTRIES & SHAWARMA,RESTAURANTS,ARABIC RESTAURANTS,1025,50.48219458,26.11449483,"26.11449483, 50.4821945799999"
AL MANAZEL GRILLS,RESTAURANTS,ARABIC RESTAURANTS,644,50.60046538,26.13295168,"26.13295168, 50.60046538"
AL NAIM GRILLS,RESTAURANTS,ARABIC RESTAURANTS,242,50.63235905,26.25474274,"26.25474274, 50.6323590499999"
AL NAIM GRILLS,RESTAURANTS,ARABIC RESTAURANTS,738,50.52132788,26.1585004,"26.1585004, 50.52132788"
AL PATA AL MAREHA PASTRIES,RESTAURANTS,ARABIC RESTAURANTS,1046,50.5064114,26.06287222,"26.0628722199999, 50.5064113999999"
AL RIFFAAIN RESTAURANT,RESTAURANTS,ARABIC RESTAURANTS,308,50.58580193,26.22804292,"26.22804292, 50.58580193"
AL SABAH PASTRIES,RESTAURANTS,ARABIC RESTAURANTS,812,50.55859678,26.17145625,"26.1714562499999, 50.55859678"
AL ZUHOOR PASTRIES,RESTAURANTS,ARABIC RESTAURANTS,458,50.51021584,26.22896165,"26.2289616499999, 50.51021584"
ALBUNNI GRILLS,RESTAURANTS,ARABIC RESTAURANTS,419,50.54304239,26.21179415,"26.2117941499999, 50.5430423899999"
ALEXANDRIA GRILLS,RESTAURANTS,ARABIC RESTAURANTS,308,50.58827344,26.22690207,"26.22690207, 50.58827344"
ALMNHENH BAHRAINI FOOD RESTAURANT,RESTAURANTS,ARABIC RESTAURANTS,925,50.57255598,26.12922236,"26.12922236, 50.5725559799999"
ALSAHA RESTAURANT,RESTAURANTS,ARABIC RESTAURANTS,814,50.55935086,26.17162605,"26.17162605, 50.55935086"
BADAWI RESTAURANT,RESTAURANTS,ARABIC RESTAURANTS,318,50.59301181,26.23429662,"26.2342966199999, 50.59301181"
BAIT ALGHOZI RESTAURANT,RESTAURANTS,ARABIC RESTAURANTS,226,50.60980721,26.27066574,"26.2706657399999, 50.60980721"
BAN AL SUBUH RESTAURANT,RESTAURANTS,ARABIC RESTAURANTS,504,50.49360909,26.21917601,"26.21917601, 50.49360909"
BASTA 23,RESTAURANTS,ARABIC RESTAURANTS,999,50.61428324,25.83359495,"25.8335949499999, 50.6142832399999"
DAR BU SALEH RESTAURANT,RESTAURANTS,ARABIC RESTAURANTS,913,50.55946461,26.13140879,"26.1314087899999, 50.5594646099999"
ESTIKANA RESTAURANT,RESTAURANTS,ARABIC RESTAURANTS,324,50.60835633,26.21724556,"26.2172455599999, 50.6083563299999"
FAROOHA PASTRIES & SHAWARMA,RESTAURANTS,ARABIC RESTAURANTS,210,50.61678669,26.2490376,"26.2490376, 50.6167866899999"
GOLDEN DOUCH,RESTAURANTS,ARABIC RESTAURANTS,504,50.49691188,26.21979615,"26.21979615, 50.4969118799999"
HIGH WAY RESTAURANT,RESTAURANTS,ARABIC RESTAURANTS,243,50.64908596,26.25613204,"26.25613204, 50.64908596"
HOWA PASTRIES,RESTAURANTS,ARABIC RESTAURANTS,406,50.54281735,26.22162217,"26.22162217, 50.54281735"
KARAMI CORNER SANDWICHES,RESTAURANTS,ARABIC RESTAURANTS,814,50.55888266,26.17131731,"26.1713173099999, 50.55888266"
KARAMI RESTAURANT,RESTAURANTS,ARABIC RESTAURANTS,242,50.62934043,26.25397222,"26.25397222, 50.6293404299999"
KARAMI RESTAURANT,RESTAURANTS,ARABIC RESTAURANTS,646,50.58757557,26.14073192,"26.14073192, 50.5875755699999"
KARAMI RESTAURANT,RESTAURANTS,ARABIC RESTAURANTS,721,50.55566961,26.17579547,"26.17579547, 50.55566961"
KHAN AL MURJAN,RESTAURANTS,ARABIC RESTAURANTS,324,50.60492436,26.21660111,"26.2166011099999, 50.6049243599999"
LAYALI ADAN RESTAURANTS,RESTAURANTS,ARABIC RESTAURANTS,202,50.61826465,26.2656069,"26.2656069, 50.61826465"
LAYALI AL BADER RESTAURANT,RESTAURANTS,ARABIC RESTAURANTS,911,50.57694418,26.11370798,"26.11370798, 50.5769441799999"
MUSBAH PASTARY,RESTAURANTS,ARABIC RESTAURANTS,422,50.53599377,26.22133976,"26.2213397599999, 50.5359937699999"
MUSTAFA PASTRIES,RESTAURANTS,ARABIC RESTAURANTS,206,50.61672425,26.25783379,"26.2578337899999, 50.6167242499999"
MUSTAFA PASTRIES,RESTAURANTS,ARABIC RESTAURANTS,240,50.63538453,26.25578221,"26.25578221, 50.63538453"
MY PASTRIES RESTAURANT,RESTAURANTS,ARABIC RESTAURANTS,913,50.55400249,26.13258019,"26.1325801899999, 50.55400249"
NEW ALABUL GRILLS,RESTAURANTS,ARABIC RESTAURANTS,321,50.5922444,26.22884426,"26.2288442599999, 50.5922443999999"
NEW ALABUL GRILLS,RESTAURANTS,ARABIC RESTAURANTS,911,50.57578973,26.11460787,"26.11460787, 50.5757897299999"
POPEYE PASTRIES,RESTAURANTS,ARABIC RESTAURANTS,812,50.5539078,26.17683626,"26.17683626, 50.5539077999999"
RANOOSH RESTAURANT,RESTAURANTS,ARABIC RESTAURANTS,450,50.51587136,26.21806763,"26.21806763, 50.5158713599999"
RANOOSH RESTAURANT,RESTAURANTS,ARABIC RESTAURANTS,814,50.55900681,26.171464,"26.171464, 50.55900681"
SABAR AYOUB REASTURANT AND GRILLS,RESTAURANTS,ARABIC RESTAURANTS,210,50.6176813,26.25540198,"26.2554019799999, 50.6176813"
SAMIR PASTRIES,RESTAURANTS,ARABIC RESTAURANTS,812,50.55498778,26.17611807,"26.17611807, 50.5549877799999"
SHTOORA GRILLS,RESTAURANTS,ARABIC RESTAURANTS,205,50.61375127,26.26049692,"26.26049692, 50.61375127"
SHUBBRA RESTAURANT & GRILLS,RESTAURANTS,ARABIC RESTAURANTS,329,50.5698071,26.21656299,"26.21656299, 50.5698070999999"
SIT AL SHAM RESTAURANT,RESTAURANTS,ARABIC RESTAURANTS,902,50.54371139,26.12559504,"26.12559504, 50.5437113899999"
WADI ALI RESTAURANT,RESTAURANTS,ARABIC RESTAURANTS,575,50.47747466,26.18619598,"26.18619598, 50.4774746599999"
WAHEED RESTAURANT,RESTAURANTS,ARABIC RESTAURANTS,227,50.6092814,26.26774821,"26.26774821, 50.6092814"
WALAYIM AL MAJALIS ALSHARGIYAH RESTAURANT,RESTAURANTS,ARABIC RESTAURANTS,914,50.55293093,26.13434962,"26.1343496199999, 50.55293093"
WORLD PASTRIES,RESTAURANTS,ARABIC RESTAURANTS,816,50.5751456,26.15774421,"26.15774421, 50.5751455999999"
ZAHRAT AL KHALEEJ PASTRIES & SHAWARMA,RESTAURANTS,ARABIC RESTAURANTS,935,50.57424936,26.1358852,"26.1358852, 50.57424936"
AL YAZWAH TRADITIONAL FOOD,RESTAURANTS,BAHRAINI RESTAURANTS,914,50.55108476,26.13413881,"26.13413881, 50.55108476"
ATEEQ ALSOOF COFFEE & RESTAURANT,RESTAURANTS,BAHRAINI RESTAURANTS,428,50.53673854,26.23908454,"26.23908454, 50.53673854"
MARASH FOR GULF FOOD,RESTAURANTS,BAHRAINI RESTAURANTS,202,50.61625216,26.26355733,"26.26355733, 50.61625216"
FIRST CHINESE RESTAURANT,RESTAURANTS,CHINESE RESTAURANTS,338,50.59138605,26.21483584,"26.2148358399999, 50.5913860499999"
FOLI TAI RESTAURANT,RESTAURANTS,CHINESE RESTAURANTS,113,50.65159657,26.23818003,"26.2381800299999, 50.65159657"
GULF TAIPEI CHINESE RESTAURANT,RESTAURANTS,CHINESE RESTAURANTS,315,50.56815856,26.23089837,"26.2308983699999, 50.56815856"
HONG KONG,RESTAURANTS,CHINESE RESTAURANTS,339,50.59692746,26.20398623,"26.20398623, 50.59692746"
KOWLOON RESTAURANT,RESTAURANTS,CHINESE RESTAURANTS,337,50.59645121,26.20423944,"26.2042394399999, 50.5964512099999"
MAGIC WOK,RESTAURANTS,CHINESE RESTAURANTS,518,50.49035107,26.22043662,"26.22043662, 50.49035107"
NU ASIA,RESTAURANTS,CHINESE RESTAURANTS,341,50.60813363,26.21075497,"26.21075497, 50.6081336299999"
NU ASIA,RESTAURANTS,CHINESE RESTAURANTS,428,50.54172192,26.23222992,"26.23222992, 50.54172192"
SHATHA RESTAURANT,RESTAURANTS,CHINESE RESTAURANTS,332,50.57640595,26.20735337,"26.20735337, 50.57640595"
TIKI-MING RESTAURANT,RESTAURANTS,CHINESE RESTAURANTS,366,50.54443565,26.19768467,"26.19768467, 50.5444356499999"
WANG’S FUNKY CHINESE RESTAURANT,RESTAURANTS,CHINESE RESTAURANTS,575,50.48091465,26.17844424,"26.17844424, 50.48091465"
A PIECE OF CAKE,RESTAURANTS,COFFEE SHOPS,913,50.55551124,26.12909168,"26.1290916799999, 50.55551124"
AIRPORT COFFEE SHOP,RESTAURANTS,COFFEE SHOPS,243,50.64909901,26.25671067,"26.25671067, 50.64909901"
AL BAREH CAFE,RESTAURANTS,COFFEE SHOPS,336,50.59042551,26.21259849,"26.21259849, 50.59042551"
AL BINDAIRA CAFE,RESTAURANTS,COFFEE SHOPS,326,50.58924716,26.21855094,"26.21855094, 50.5892471599999"
AL BINDAIRA CAFE,RESTAURANTS,COFFEE SHOPS,428,50.54098215,26.2330436,"26.2330435999999, 50.5409821499999"
AL HAKAWATI COFFEE,RESTAURANTS,COFFEE SHOPS,331,50.57575129,26.20609104,"26.20609104, 50.5757512899999"
AL MAWARDI COFFEE SHOP,RESTAURANTS,COFFEE SHOPS,308,50.58668512,26.2255676,"26.2255676, 50.5866851199999"
AL NAJDAIN COFFEE SHOP,RESTAURANTS,COFFEE SHOPS,211,50.6101014,26.25121025,"26.25121025, 50.6101013999999"
AL OSRA CAFE HOUSE,RESTAURANTS,COFFEE SHOPS,515,50.47956738,26.21625546,"26.2162554599999, 50.4795673799999"
AL PESTO CAFE,RESTAURANTS,COFFEE SHOPS,939,50.5891048,26.12611837,"26.12611837, 50.5891048"
AL SAMADI CAFE,RESTAURANTS,COFFEE SHOPS,711,50.56152927,26.20068873,"26.20068873, 50.56152927"
AL TWAHI COFFEE SHOP,RESTAURANTS,COFFEE SHOPS,302,50.57349074,26.2242618,"26.2242618, 50.5734907399999"
ALSHIRAA COFFEE SHOP,RESTAURANTS,COFFEE SHOPS,346,50.56846992,26.23403498,"26.23403498, 50.5684699199999"
AROMA CAFE,RESTAURANTS,COFFEE SHOPS,428,50.53953249,26.23149156,"26.2314915599999, 50.5395324899999"
BAIT AL DONUT‎‏,RESTAURANTS,COFFEE SHOPS,225,50.6062608,26.27116205,"26.27116205, 50.6062608"
BAIT AL DONUT‎‏,RESTAURANTS,COFFEE SHOPS,410,50.5376911,26.22922031,"26.2292203099999, 50.5376911"
BAIT AL DONUT‎‏,RESTAURANTS,COFFEE SHOPS,411,50.53944175,26.20599384,"26.20599384, 50.53944175"
BAIT AL DONUT‎‏,RESTAURANTS,COFFEE SHOPS,428,50.54171206,26.23241665,"26.23241665, 50.54171206"
BUBBLES CAFE,RESTAURANTS,COFFEE SHOPS,311,50.56790907,26.21828132,"26.2182813199999, 50.5679090699999"
BUNO CAFE,RESTAURANTS,COFFEE SHOPS,646,50.58724641,26.1412537,"26.1412537, 50.5872464099999"
CAFE AWAL,RESTAURANTS,COFFEE SHOPS,328,50.5755605,26.21841557,"26.21841557, 50.5755605"
CAFE ITALIA,RESTAURANTS,COFFEE SHOPS,338,50.5923915,26.21273994,"26.2127399399999, 50.5923914999999"
CAFE MAJESTIC,RESTAURANTS,COFFEE SHOPS,319,50.59321702,26.2355739,"26.2355738999999, 50.5932170199999"
CANDLES CAFE,RESTAURANTS,COFFEE SHOPS,327,50.58576505,26.21262608,"26.21262608, 50.5857650499999"
CAPPUCCINO,RESTAURANTS,COFFEE SHOPS,317,50.59064816,26.24307729,"26.2430772899999, 50.59064816"
CAPPUCCINO,RESTAURANTS,COFFEE SHOPS,518,50.48963622,26.22079951,"26.2207995099999, 50.48963622"
CARAMEL COFFEE SHOP,RESTAURANTS,COFFEE SHOPS,509,50.48568175,26.21724351,"26.2172435099999, 50.4856817499999"
CARIBOU COFFEE,RESTAURANTS,COFFEE SHOPS,327,50.58628767,26.2121026,"26.2121026, 50.5862876699999"
CARIBOU COFFEE,RESTAURANTS,COFFEE SHOPS,346,50.55534085,26.23291669,"26.23291669, 50.55534085"
CHAI CAFE,RESTAURANTS,COFFEE SHOPS,412,50.53914256,26.2268107,"26.2268107, 50.53914256"
CINNABON,RESTAURANTS,COFFEE SHOPS,341,50.6089817,26.2107373,"26.2107373, 50.6089817"
COSTA COFFEE,RESTAURANTS,COFFEE SHOPS,304,50.57339744,26.23225458,"26.2322545799999, 50.57339744"
COSTA COFFEE,RESTAURANTS,COFFEE SHOPS,316,50.58162674,26.23868629,"26.23868629, 50.5816267399999"
COSTA COFFEE,RESTAURANTS,COFFEE SHOPS,328,50.57873254,26.21265819,"26.2126581899999, 50.5787325399999"
COSTA COFFEE,RESTAURANTS,COFFEE SHOPS,346,50.55466874,26.23264527,"26.2326452699999, 50.5546687399999"
COSTA COFFEE,RESTAURANTS,COFFEE SHOPS,410,50.53762086,26.2288536,"26.2288536, 50.5376208599999"
COSTA COFFEE,RESTAURANTS,COFFEE SHOPS,1056,50.49919094,26.04909111,"26.0490911099999, 50.4991909399999"
DARSEEN CAFE,RESTAURANTS,COFFEE SHOPS,322,50.5990457,26.23983779,"26.2398377899999, 50.5990456999999"
DERBY CAFE,RESTAURANTS,COFFEE SHOPS,322,50.59951119,26.23227471,"26.2322747099999, 50.59951119"
DERBY CAFE,RESTAURANTS,COFFEE SHOPS,428,50.5361281,26.23115455,"26.2311545499999, 50.5361280999999"
DERBY CAFE,RESTAURANTS,COFFEE SHOPS,623,50.61558798,26.14262192,"26.14262192, 50.61558798"
DERBY CAFE,RESTAURANTS,COFFEE SHOPS,932,50.52840746,26.13476711,"26.1347671099999, 50.5284074599999"
DERBY CAFE,RESTAURANTS,COFFEE SHOPS,934,50.56477074,26.15820595,"26.1582059499999, 50.56477074"
ESPRERANZA CAFE,RESTAURANTS,COFFEE SHOPS,646,50.59012011,26.1272206,"26.1272206, 50.59012011"
ESQUIRES COFFEE HOUSE,RESTAURANTS,COFFEE SHOPS,513,50.49990511,26.20359475,"26.20359475, 50.49990511"
EXTROVERT CAFE,RESTAURANTS,COFFEE SHOPS,326,50.58949728,26.21816181,"26.21816181, 50.58949728"
FEDORA COFFEE,RESTAURANTS,COFFEE SHOPS,923,50.5670607,26.13703685,"26.13703685, 50.5670606999999"
FLORIYAN CAFE,RESTAURANTS,COFFEE SHOPS,428,50.53949453,26.23238597,"26.2323859699999, 50.5394945299999"
FRIENDS COFFEE SHOPS,RESTAURANTS,COFFEE SHOPS,326,50.58984193,26.2198148,"26.2198148, 50.5898419299999"
GLORIA JEAN'S COFFEES,RESTAURANTS,COFFEE SHOPS,720,50.54124864,26.16968864,"26.16968864, 50.5412486399999"
GLORIA JEAN'S COFFEES,RESTAURANTS,COFFEE SHOPS,740,50.5233371,26.16201749,"26.16201749, 50.5233370999999"
GRACIAS CAFE,RESTAURANTS,COFFEE SHOPS,704,50.53628875,26.18455043,"26.18455043, 50.5362887499999"
HAZAWI LAWAL TRADETIONAL COFFEE SHOP,RESTAURANTS,COFFEE SHOPS,311,50.56851013,26.21806308,"26.21806308, 50.56851013"
HOL N ONE,RESTAURANTS,COFFEE SHOPS,203,50.61108219,26.26073448,"26.26073448, 50.6110821899999"
HOL N ONE,RESTAURANTS,COFFEE SHOPS,411,50.54061161,26.20692549,"26.20692549, 50.5406116099999"
HOL N ONE,RESTAURANTS,COFFEE SHOPS,913,50.55902873,26.13069264,"26.1306926399999, 50.55902873"
JASMIS COFFEE,RESTAURANTS,COFFEE SHOPS,304,50.57628882,26.23244465,"26.23244465, 50.57628882"
JOJO JUICE BAR,RESTAURANTS,COFFEE SHOPS,428,50.54242498,26.23525399,"26.23525399, 50.54242498"
JULIO'S,RESTAURANTS,COFFEE SHOPS,428,50.54986729,26.23538321,"26.2353832099999, 50.54986729"
JUST BAKED CAFE,RESTAURANTS,COFFEE SHOPS,319,50.59298676,26.23586662,"26.2358666199999, 50.59298676"
KANAFANY CAFE,RESTAURANTS,COFFEE SHOPS,332,50.57641181,26.21017328,"26.2101732799999, 50.57641181"
KOFFIATTO COFFEE,RESTAURANTS,COFFEE SHOPS,351,50.5529152,26.22913361,"26.22913361, 50.5529152"
KRISPY KREME DONUT,RESTAURANTS,COFFEE SHOPS,504,50.49645676,26.21970911,"26.21970911, 50.49645676"
KURTUS CAFE,RESTAURANTS,COFFEE SHOPS,525,50.49881707,26.19976247,"26.19976247, 50.49881707"
LA BRIOCHE CAFE,RESTAURANTS,COFFEE SHOPS,810,50.54772748,26.1722244,"26.1722244, 50.5477274799999"
LA CAFE,RESTAURANTS,COFFEE SHOPS,224,50.62339297,26.26101399,"26.2610139899999, 50.6233929699999"
LA MAISON DU CAFE,RESTAURANTS,COFFEE SHOPS,326,50.58970757,26.21818952,"26.2181895199999, 50.58970757"
LA MAISON DU CAFE,RESTAURANTS,COFFEE SHOPS,351,50.552785,26.23003437,"26.2300343699999, 50.552785"
LA VIE CAFE & RESTAURANT,RESTAURANTS,COFFEE SHOPS,505,50.49146838,26.21766554,"26.2176655399999, 50.49146838"
LAYALI AL MAHROOSAH COFFEE SHOP,RESTAURANTS,COFFEE SHOPS,336,50.59036041,26.20962571,"26.20962571, 50.59036041"
LAYALI COFFEE SHOP,RESTAURANTS,COFFEE SHOPS,457,50.5082179,26.19432049,"26.1943204899999, 50.5082178999999"
LE CHOCOLAT CAFE & RESTAURANT,RESTAURANTS,COFFEE SHOPS,925,50.57452335,26.12936754,"26.12936754, 50.57452335"
LIGHTHOUSE SEAFRONT CAFE,RESTAURANTS,COFFEE SHOPS,257,50.66530559,26.27790183,"26.27790183, 50.66530559"
LILOU ARTISAN PATISSERIE,RESTAURANTS,COFFEE SHOPS,338,50.59309598,26.21430611,"26.2143061099999, 50.59309598"
LILOU ARTISAN PATISSERIE,RESTAURANTS,COFFEE SHOPS,943,50.56513647,26.1021498,"26.1021497999999, 50.5651364699999"
LION CAFE,RESTAURANTS,COFFEE SHOPS,257,50.66328699,26.28777171,"26.28777171, 50.66328699"
MALMO CAFE,RESTAURANTS,COFFEE SHOPS,941,50.57573776,26.14847738,"26.1484773799999, 50.57573776"
MAMA MOCHA CAFE,RESTAURANTS,COFFEE SHOPS,1014,50.46955282,26.16501292,"26.1650129199999, 50.4695528199999"
MAYA LA CHOCOLATERIE,RESTAURANTS,COFFEE SHOPS,346,50.55535348,26.2323303,"26.2323303, 50.55535348"
MED CAFE,RESTAURANTS,COFFEE SHOPS,336,50.59043745,26.21310225,"26.2131022499999, 50.59043745"
MINT COFFEE SHOP,RESTAURANTS,COFFEE SHOPS,351,50.55292047,26.22948367,"26.22948367, 50.5529204699999"
NAGHAM'S CAFE,RESTAURANTS,COFFEE SHOPS,436,50.53374242,26.23603166,"26.2360316599999, 50.53374242"
NEW YORK COFFEE,RESTAURANTS,COFFEE SHOPS,316,50.57723792,26.23513424,"26.23513424, 50.57723792"
NEW YORK COFFEE,RESTAURANTS,COFFEE SHOPS,327,50.58928498,26.21450506,"26.21450506, 50.58928498"
NEW YORK COFFEE,RESTAURANTS,COFFEE SHOPS,915,50.55924033,26.13621917,"26.13621917, 50.55924033"
NINE BALL CAFE,RESTAURANTS,COFFEE SHOPS,308,50.58808632,26.22511502,"26.22511502, 50.58808632"
O BSIERS,RESTAURANTS,COFFEE SHOPS,305,50.58141432,26.2360231,"26.2360231, 50.58141432"
PAPPA ROTI CAFE,RESTAURANTS,COFFEE SHOPS,240,50.62597346,26.25416859,"26.2541685899999, 50.6259734599999"
RAYA CAFE,RESTAURANTS,COFFEE SHOPS,732,50.53156095,26.15527794,"26.15527794, 50.5315609499999"
SECRET CAFE,RESTAURANTS,COFFEE SHOPS,734,50.52290132,26.15879322,"26.15879322, 50.52290132"
STARBUCKS,RESTAURANTS,COFFEE SHOPS,317,50.58838072,26.24098178,"26.2409817799999, 50.58838072"
STARBUCKS,RESTAURANTS,COFFEE SHOPS,324,50.60473155,26.21895426,"26.21895426, 50.6047315499999"
STARBUCKS,RESTAURANTS,COFFEE SHOPS,332,50.57675404,26.20644092,"26.2064409199999, 50.5767540399999"
STARBUCKS,RESTAURANTS,COFFEE SHOPS,428,50.53902924,26.23274525,"26.23274525, 50.5390292399999"
STARBUCKS,RESTAURANTS,COFFEE SHOPS,513,50.49957721,26.20343682,"26.20343682, 50.4995772099999"
STARBUCKS,RESTAURANTS,COFFEE SHOPS,575,50.48103901,26.17876123,"26.1787612299999, 50.48103901"
SUNSET CAFE,RESTAURANTS,COFFEE SHOPS,319,50.597139,26.23560112,"26.2356011199999, 50.5971389999999"
TALK OF THE TOWN COFFEE,RESTAURANTS,COFFEE SHOPS,304,50.57761103,26.23333628,"26.23333628, 50.57761103"
TEA LOUNGE,RESTAURANTS,COFFEE SHOPS,428,50.53852436,26.24213122,"26.24213122, 50.5385243599999"
THE CREPE CAFE,RESTAURANTS,COFFEE SHOPS,428,50.53746461,26.23162906,"26.2316290599999, 50.53746461"
THE CREPE CAFE,RESTAURANTS,COFFEE SHOPS,504,50.49199983,26.21902932,"26.21902932, 50.4919998299999"
THEKRIYAT ZAMAN COFFEE SHOP,RESTAURANTS,COFFEE SHOPS,321,50.59085463,26.22880577,"26.22880577, 50.59085463"
VERANDA CAFE,RESTAURANTS,COFFEE SHOPS,257,50.66336067,26.28795345,"26.28795345, 50.66336067"
WADI ALSAIL COFFEE SHOP,RESTAURANTS,COFFEE SHOPS,243,50.64066423,26.25981402,"26.25981402, 50.6406642299999"
WENDYS CAFE,RESTAURANTS,COFFEE SHOPS,315,50.57165069,26.23332046,"26.23332046, 50.5716506899999"
MUSHROOMS BUSTRO RESTAURANT,RESTAURANTS,EUROPEAN RESTAURANTS,504,50.49402082,26.21924946,"26.21924946, 50.49402082"
AL ARABI SANDWICHES,RESTAURANTS,FAST FOOD RESTAURANTS,216,50.6163326,26.24440187,"26.24440187, 50.6163326"
AL DIYAFA JUICE,RESTAURANTS,FAST FOOD RESTAURANTS,216,50.61628744,26.24436563,"26.24436563, 50.61628744"
APPLE SHAWARMA AND SANDWICHES,RESTAURANTS,FAST FOOD RESTAURANTS,205,50.61244685,26.26097882,"26.2609788199999, 50.6124468499999"
ASMAK ALHADRAH SANDWICHES,RESTAURANTS,FAST FOOD RESTAURANTS,216,50.61727357,26.24785068,"26.2478506799999, 50.61727357"
BARGER LINE,RESTAURANTS,FAST FOOD RESTAURANTS,242,50.63181209,26.25466541,"26.25466541, 50.6318120899999"
BURGER KING,RESTAURANTS,FAST FOOD RESTAURANTS,224,50.62661767,26.26550655,"26.26550655, 50.62661767"
BURGER KING,RESTAURANTS,FAST FOOD RESTAURANTS,328,50.57765967,26.21228524,"26.21228524, 50.57765967"
BURGER KING,RESTAURANTS,FAST FOOD RESTAURANTS,341,50.60950559,26.21072231,"26.21072231, 50.6095055899999"
BURGER KING,RESTAURANTS,FAST FOOD RESTAURANTS,346,50.55364035,26.23336529,"26.2333652899999, 50.55364035"
BURGER KING,RESTAURANTS,FAST FOOD RESTAURANTS,410,50.53806168,26.22921803,"26.2292180299999, 50.5380616799999"
BURGER KING,RESTAURANTS,FAST FOOD RESTAURANTS,428,50.53807598,26.23212657,"26.2321265699999, 50.53807598"
BURGER KING,RESTAURANTS,FAST FOOD RESTAURANTS,469,50.50997373,26.21914457,"26.21914457, 50.5099737299999"
BURGER KING,RESTAURANTS,FAST FOOD RESTAURANTS,611,50.601351,26.16910685,"26.1691068499999, 50.601351"
BURGER LAND,RESTAURANTS,FAST FOOD RESTAURANTS,336,50.58675725,26.21230683,"26.2123068299999, 50.5867572499999"
BURGER LAND,RESTAURANTS,FAST FOOD RESTAURANTS,912,50.54487223,26.13096126,"26.1309612599999, 50.54487223"
BURGER LINE,RESTAURANTS,FAST FOOD RESTAURANTS,913,50.56017794,26.1314402,"26.1314402, 50.56017794"
BURGER ZONE,RESTAURANTS,FAST FOOD RESTAURANTS,913,50.55811992,26.1328778,"26.1328777999999, 50.55811992"
CHICKEYS RESTAURANT,RESTAURANTS,FAST FOOD RESTAURANTS,331,50.57576083,26.20498496,"26.20498496, 50.57576083"
CHICKEYS RESTAURANT,RESTAURANTS,FAST FOOD RESTAURANTS,914,50.55347939,26.13181564,"26.1318156399999, 50.55347939"
DAIRY QUEEN,RESTAURANTS,FAST FOOD RESTAURANTS,312,50.56714564,26.21845272,"26.2184527199999, 50.56714564"
DAIRY QUEEN,RESTAURANTS,FAST FOOD RESTAURANTS,410,50.53843947,26.22876858,"26.22876858, 50.53843947"
DAIRY QUEEN,RESTAURANTS,FAST FOOD RESTAURANTS,646,50.58988566,26.12740072,"26.12740072, 50.58988566"
DAIRY QUEEN,RESTAURANTS,FAST FOOD RESTAURANTS,718,50.54279037,26.16649135,"26.16649135, 50.5427903699999"
DAIRY QUEEN,RESTAURANTS,FAST FOOD RESTAURANTS,1014,50.48749375,26.14837492,"26.1483749199999, 50.4874937499999"
ELEVATION BURGER,RESTAURANTS,FAST FOOD RESTAURANTS,943,50.5654616,26.10223678,"26.1022367799999, 50.5654615999999"
EZ BURGER,RESTAURANTS,FAST FOOD RESTAURANTS,224,50.62333136,26.26130317,"26.26130317, 50.62333136"
EZ BURGER,RESTAURANTS,FAST FOOD RESTAURANTS,923,50.56651735,26.13724784,"26.13724784, 50.5665173499999"
FARAH SANDWICHES,RESTAURANTS,FAST FOOD RESTAURANTS,915,50.55566801,26.13508266,"26.1350826599999, 50.5556680099999"
FELFELA RESTAURANT,RESTAURANTS,FAST FOOD RESTAURANTS,202,50.61841252,26.26131425,"26.26131425, 50.61841252"
FUDS EXPRESS GRILL,RESTAURANTS,FAST FOOD RESTAURANTS,428,50.53664697,26.23183738,"26.23183738, 50.53664697"
GRILL AND CHILL,RESTAURANTS,FAST FOOD RESTAURANTS,328,50.5781714,26.21277177,"26.21277177, 50.5781714"
HABARA FISH & SNACKS,RESTAURANTS,FAST FOOD RESTAURANTS,327,50.58792241,26.2136859,"26.2136859, 50.5879224099999"
HARDEE'S,RESTAURANTS,FAST FOOD RESTAURANTS,240,50.62705679,26.25426831,"26.25426831, 50.6270567899999"
HUNGRY BUNNY RESTAURANT,RESTAURANTS,FAST FOOD RESTAURANTS,740,50.52354814,26.16219975,"26.1621997499999, 50.52354814"
JANAHI KARAK,RESTAURANTS,FAST FOOD RESTAURANTS,216,50.61641722,26.24435665,"26.24435665, 50.61641722"
JASMIS RESTAURANT,RESTAURANTS,FAST FOOD RESTAURANTS,113,50.65114063,26.23783969,"26.23783969, 50.65114063"
JASMIS RESTAURANT,RESTAURANTS,FAST FOOD RESTAURANTS,202,50.61630992,26.26383168,"26.2638316799999, 50.6163099199999"
JASMIS RESTAURANT,RESTAURANTS,FAST FOOD RESTAURANTS,240,50.62845197,26.25852005,"26.25852005, 50.62845197"
JASMIS RESTAURANT,RESTAURANTS,FAST FOOD RESTAURANTS,314,50.56442027,26.22895212,"26.2289521199999, 50.5644202699999"
JASMIS RESTAURANT,RESTAURANTS,FAST FOOD RESTAURANTS,346,50.55410741,26.23326694,"26.23326694, 50.55410741"
JASMIS RESTAURANT,RESTAURANTS,FAST FOOD RESTAURANTS,366,50.54465051,26.19759218,"26.19759218, 50.5446505099999"
JASMIS RESTAURANT,RESTAURANTS,FAST FOOD RESTAURANTS,718,50.5429311,26.16763675,"26.16763675, 50.5429310999999"
JINAN JUICE AND SNACKS,RESTAURANTS,FAST FOOD RESTAURANTS,205,50.61335767,26.26130515,"26.2613051499999, 50.6133576699999"
JOLLIBEE RESTAURANT,RESTAURANTS,FAST FOOD RESTAURANTS,318,50.59483316,26.23294218,"26.2329421799999, 50.59483316"
KENTUCKY FRIED CHICKEN (KFC),RESTAURANTS,FAST FOOD RESTAURANTS,205,50.6125914,26.26115628,"26.26115628, 50.6125913999999"
KENTUCKY FRIED CHICKEN (KFC),RESTAURANTS,FAST FOOD RESTAURANTS,410,50.53835513,26.22915175,"26.22915175, 50.5383551299999"
KENTUCKY FRIED CHICKEN (KFC),RESTAURANTS,FAST FOOD RESTAURANTS,428,50.53633214,26.23193718,"26.2319371799999, 50.5363321399999"
KENTUCKY FRIED CHICKEN (KFC),RESTAURANTS,FAST FOOD RESTAURANTS,913,50.55874683,26.13083376,"26.13083376, 50.5587468299999"
KUDU,RESTAURANTS,FAST FOOD RESTAURANTS,336,50.58651143,26.21194526,"26.21194526, 50.58651143"
KUDU,RESTAURANTS,FAST FOOD RESTAURANTS,428,50.53644576,26.23164561,"26.23164561, 50.5364457599999"
LATINO BURGERS,RESTAURANTS,FAST FOOD RESTAURANTS,553,50.45423227,26.21022228,"26.21022228, 50.4542322699999"
LONDONER BURGER RESTAURANT,RESTAURANTS,FAST FOOD RESTAURANTS,240,50.62667532,26.25351033,"26.25351033, 50.6266753199999"
MCDONALD'S,RESTAURANTS,FAST FOOD RESTAURANTS,240,50.62950128,26.25791579,"26.2579157899999, 50.6295012799999"
MCDONALD'S,RESTAURANTS,FAST FOOD RESTAURANTS,346,50.55383022,26.23309443,"26.23309443, 50.55383022"
MCDONALD'S,RESTAURANTS,FAST FOOD RESTAURANTS,428,50.53621311,26.23186584,"26.23186584, 50.5362131099999"
MCDONALD'S,RESTAURANTS,FAST FOOD RESTAURANTS,611,50.60127662,26.16917928,"26.16917928, 50.60127662"
MCDONALD'S,RESTAURANTS,FAST FOOD RESTAURANTS,1038,50.48882434,26.09310548,"26.0931054799999, 50.48882434"
NANDOS RESTAURANT,RESTAURANTS,FAST FOOD RESTAURANTS,341,50.6087026,26.21074093,"26.21074093, 50.6087026"
POLLO CAMPERO RESTAURANT,RESTAURANTS,FAST FOOD RESTAURANTS,240,50.62570481,26.25420631,"26.25420631, 50.62570481"
POLLO CAMPERO RESTAURANT,RESTAURANTS,FAST FOOD RESTAURANTS,320,50.5957708,26.23079172,"26.2307917199999, 50.5957707999999"
RAIHANA SANDWICHES,RESTAURANTS,FAST FOOD RESTAURANTS,216,50.61781713,26.2474105,"26.2474105, 50.6178171299999"
SAMIRAH GRAND BURGER,RESTAURANTS,FAST FOOD RESTAURANTS,205,50.61223551,26.25999265,"26.25999265, 50.6122355099999"
SPICY SOUSE SNACK BAR,RESTAURANTS,FAST FOOD RESTAURANTS,210,50.61779223,26.25522996,"26.25522996, 50.6177922299999"
TEST THE BEST SANDWICHES,RESTAURANTS,FAST FOOD RESTAURANTS,912,50.54360791,26.12874023,"26.1287402299999, 50.5436079099999"
THAI FOOD,RESTAURANTS,FAST FOOD RESTAURANTS,340,50.60832866,26.21096636,"26.21096636, 50.6083286599999"
THREE LINES RESTAURANT,RESTAURANTS,FAST FOOD RESTAURANTS,332,50.57622264,26.20935673,"26.20935673, 50.5762226399999"
CAVE DU ROI,RESTAURANTS,FRENCH RESTAURANTS,351,50.55326601,26.22958433,"26.22958433, 50.55326601"
ENGIE'S RESTAURANT & CAFÉ,RESTAURANTS,FRENCH RESTAURANTS,428,50.5479931,26.23422806,"26.23422806, 50.5479930999999"
LE VERSAILLES,RESTAURANTS,FRENCH RESTAURANTS,315,50.5737662,26.23436781,"26.2343678099999, 50.5737662"
LE VILLA RESTAURANT,RESTAURANTS,FRENCH RESTAURANTS,517,50.48399839,26.20489368,"26.20489368, 50.4839983899999"
BASKIN ROBBINS,RESTAURANTS,ICE CREAM,210,50.6189795,26.25028776,"26.2502877599999, 50.6189795"
BASKIN ROBBINS,RESTAURANTS,ICE CREAM,346,50.55384539,26.23267891,"26.23267891, 50.5538453899999"
BASKIN ROBBINS,RESTAURANTS,ICE CREAM,410,50.5380528,26.22893955,"26.22893955, 50.5380528"
BASKIN ROBBINS,RESTAURANTS,ICE CREAM,513,50.499504,26.20350656,"26.20350656, 50.4995039999999"
BASKIN ROBBINS,RESTAURANTS,ICE CREAM,646,50.58713846,26.14124336,"26.14124336, 50.5871384599999"
BASKIN ROBBINS,RESTAURANTS,ICE CREAM,718,50.54231768,26.16550797,"26.16550797, 50.5423176799999"
BASKIN ROBBINS,RESTAURANTS,ICE CREAM,745,50.58016462,26.14261097,"26.14261097, 50.5801646199999"
BASKIN ROBBINS,RESTAURANTS,ICE CREAM,810,50.54712324,26.17218565,"26.1721856499999, 50.5471232399999"
BASKIN ROBBINS,RESTAURANTS,ICE CREAM,913,50.55896532,26.13092133,"26.13092133, 50.5589653199999"
BASKIN ROBBINS,RESTAURANTS,ICE CREAM,913,50.55881515,26.1308624,"26.1308624, 50.55881515"
BASKIN ROBBINS,RESTAURANTS,ICE CREAM,923,50.56724835,26.13711147,"26.13711147, 50.56724835"
BASKIN ROBBINS,RESTAURANTS,ICE CREAM,1046,50.50731582,26.06235204,"26.06235204, 50.50731582"
BASKIN ROBBINS,RESTAURANTS,ICE CREAM,1203,50.49692358,26.14234989,"26.1423498899999, 50.49692358"
DHIYAA ICE CREAM,RESTAURANTS,ICE CREAM,216,50.61594686,26.24412126,"26.24412126, 50.61594686"
DRI DRI GELATO ICE CREAM,RESTAURANTS,ICE CREAM,319,50.59324847,26.23614545,"26.2361454499999, 50.5932484699999"
MARBLE SLAB CREAMERY,RESTAURANTS,ICE CREAM,316,50.58187256,26.23883751,"26.23883751, 50.58187256"
WHITE MOUNTAIN ICE CREAM,RESTAURANTS,ICE CREAM,206,50.61685056,26.25749401,"26.2574940099999, 50.61685056"
YOGBERRY FROZEN YOGURT,RESTAURANTS,ICE CREAM,923,50.56733323,26.13705917,"26.13705917, 50.56733323"
CENTRAL RESTAURANT,RESTAURANTS,INDIAN RESTAURANTS,307,50.580492,26.22785785,"26.2278578499999, 50.580492"
CENTURY INTERNATIONAL RESTAURANT,RESTAURANTS,INDIAN RESTAURANTS,338,50.59156558,26.21517794,"26.21517794, 50.59156558"
COOPER CHIMNEY,RESTAURANTS,INDIAN RESTAURANTS,339,50.59757872,26.20232244,"26.20232244, 50.59757872"
CURRY COUNTRY RESTAURANT,RESTAURANTS,INDIAN RESTAURANTS,341,50.60930662,26.21072565,"26.21072565, 50.6093066199999"
CURRY TREE RESTAURANT,RESTAURANTS,INDIAN RESTAURANTS,113,50.65114033,26.23794003,"26.23794003, 50.6511403299999"
DALYAH RESTAURANT,RESTAURANTS,INDIAN RESTAURANTS,302,50.57453042,26.2299224,"26.2299224, 50.57453042"
KALPAKA,RESTAURANTS,INDIAN RESTAURANTS,320,50.59656016,26.23015976,"26.2301597599999, 50.59656016"
KORMA RESTAURANT,RESTAURANTS,INDIAN RESTAURANTS,307,50.58352249,26.22767028,"26.22767028, 50.58352249"
LANTERNS RESTAURANT,RESTAURANTS,INDIAN RESTAURANTS,999,50.6159734,25.84812679,"25.8481267899999, 50.6159734"
MAXIM RESTAURANT,RESTAURANTS,INDIAN RESTAURANTS,308,50.58283651,26.22733835,"26.22733835, 50.58283651"
MUMBAI SPICES RESTAURANT,RESTAURANTS,INDIAN RESTAURANTS,410,50.53797968,26.22894171,"26.22894171, 50.5379796799999"
PARIJATA RESTAURANT,RESTAURANTS,INDIAN RESTAURANTS,304,50.57761724,26.23156009,"26.2315600899999, 50.57761724"
RAJADHANI RESTAURANT,RESTAURANTS,INDIAN RESTAURANTS,321,50.59443764,26.22684759,"26.2268475899999, 50.59443764"
SAGAR RESTAURANT,RESTAURANTS,INDIAN RESTAURANTS,307,50.58365366,26.22770856,"26.22770856, 50.58365366"
SARAVANAA BHAVAN RESTAURANT,RESTAURANTS,INDIAN RESTAURANTS,309,50.58296265,26.22615079,"26.2261507899999, 50.5829626499999"
THE GREAT KABAB FACTORY,RESTAURANTS,INDIAN RESTAURANTS,518,50.49029274,26.22103839,"26.22103839, 50.49029274"
AL ABRAAJ RESTAURANT,RESTAURANTS,INTERNATIONAL RESTAURANTS,327,50.58770762,26.21423732,"26.2142373199999, 50.58770762"
AL ABRAAJ RESTAURANT,RESTAURANTS,INTERNATIONAL RESTAURANTS,351,50.55290369,26.22978388,"26.2297838799999, 50.55290369"
AL ABRAAJ RESTAURANT,RESTAURANTS,INTERNATIONAL RESTAURANTS,366,50.54471459,26.19745621,"26.1974562099999, 50.5447145899999"
AL ABRAAJ RESTAURANT,RESTAURANTS,INTERNATIONAL RESTAURANTS,428,50.54116896,26.23304284,"26.23304284, 50.54116896"
AL DALLAH,RESTAURANTS,INTERNATIONAL RESTAURANTS,308,50.58493453,26.22555643,"26.22555643, 50.5849345299999"
AL OSRA RESTAURANT,RESTAURANTS,INTERNATIONAL RESTAURANTS,203,50.61139656,26.26032203,"26.26032203, 50.61139656"
AL SUQAYYAH RESTAURANT,RESTAURANTS,INTERNATIONAL RESTAURANTS,328,50.5774891,26.21524357,"26.2152435699999, 50.5774891"
AL WAHA,RESTAURANTS,INTERNATIONAL RESTAURANTS,338,50.59540167,26.21550727,"26.21550727, 50.59540167"
ATAYEB RESTAURANT,RESTAURANTS,INTERNATIONAL RESTAURANTS,502,50.50417701,26.22032927,"26.22032927, 50.5041770099999"
BU ALI INTERNATIONAL RESTAURANTS COMPANY,RESTAURANTS,INTERNATIONAL RESTAURANTS,321,50.59606245,26.22744157,"26.22744157, 50.5960624499999"
GULF RUSSIAN RESTAURANT,RESTAURANTS,INTERNATIONAL RESTAURANTS,309,50.58458779,26.22206605,"26.2220660499999, 50.58458779"
HAYAT AL BAHRAIN RESTAURANT,RESTAURANTS,INTERNATIONAL RESTAURANTS,321,50.59592865,26.22551775,"26.22551775, 50.5959286499999"
LA MOSAIQUE,RESTAURANTS,INTERNATIONAL RESTAURANTS,317,50.59050628,26.24338157,"26.24338157, 50.59050628"
LAS TABBAS RESTAURANT,RESTAURANTS,INTERNATIONAL RESTAURANTS,321,50.594183,26.22531683,"26.22531683, 50.594183"
MASHAWI AL ABRAAJ,RESTAURANTS,INTERNATIONAL RESTAURANTS,341,50.60875197,26.21074029,"26.21074029, 50.60875197"
PAPILLON RESTAURANT,RESTAURANTS,INTERNATIONAL RESTAURANTS,308,50.58384665,26.22758991,"26.2275899099999, 50.5838466499999"
PARADISE CORNER,RESTAURANTS,INTERNATIONAL RESTAURANTS,905,50.56822274,26.11967899,"26.11967899, 50.56822274"
RENDEZVOUS,RESTAURANTS,INTERNATIONAL RESTAURANTS,928,50.52040374,26.13653787,"26.13653787, 50.5204037399999"
SHEZAN RESTAURANT,RESTAURANTS,INTERNATIONAL RESTAURANTS,318,50.59071814,26.23103013,"26.23103013, 50.59071814"
SUN AND SAND RESTAURANTS,RESTAURANTS,INTERNATIONAL RESTAURANTS,320,50.59605442,26.22810449,"26.22810449, 50.59605442"
TRADER VICS,RESTAURANTS,INTERNATIONAL RESTAURANTS,428,50.5385526,26.24371841,"26.24371841, 50.5385526"
UMRAH SERVICES,RESTAURANTS,INTERNATIONAL RESTAURANTS,434,50.5337766,26.23170592,"26.23170592, 50.5337766"
VISITOR COUNTRY RESTAURANT,RESTAURANTS,INTERNATIONAL RESTAURANTS,304,50.57466434,26.23146462,"26.23146462, 50.5746643399999"
YUM YUM TREE,RESTAURANTS,INTERNATIONAL RESTAURANTS,113,50.651148,26.23803322,"26.2380332199999, 50.6511479999999"
YUM YUM TREE,RESTAURANTS,INTERNATIONAL RESTAURANTS,240,50.62690943,26.25339051,"26.2533905099999, 50.6269094299999"
YUM YUM TREE,RESTAURANTS,INTERNATIONAL RESTAURANTS,242,50.63661104,26.25586271,"26.2558627099999, 50.6366110399999"
YUM YUM TREE,RESTAURANTS,INTERNATIONAL RESTAURANTS,316,50.58178162,26.23871183,"26.23871183, 50.58178162"
YUM YUM TREE,RESTAURANTS,INTERNATIONAL RESTAURANTS,324,50.60896916,26.21676846,"26.21676846, 50.60896916"
YUM YUM TREE,RESTAURANTS,INTERNATIONAL RESTAURANTS,373,50.56848644,26.20289565,"26.2028956499999, 50.56848644"
YUM YUM TREE,RESTAURANTS,INTERNATIONAL RESTAURANTS,745,50.57887892,26.14390445,"26.14390445, 50.57887892"
GOLESTAN RESTAURANT,RESTAURANTS,IRANIAN RESTAURANTS,316,50.58169018,26.2387259,"26.2387258999999, 50.58169018"
ISFAHANI RESTAURANT,RESTAURANTS,IRANIAN RESTAURANTS,341,50.60805946,26.21075547,"26.2107554699999, 50.60805946"
ISFAHANI RESTAURANT,RESTAURANTS,IRANIAN RESTAURANTS,1014,50.49012272,26.14610904,"26.1461090399999, 50.49012272"
TAHAT GAMSHEED,RESTAURANTS,IRANIAN RESTAURANTS,338,50.5956847,26.21533029,"26.21533029, 50.5956847"
TEHRAN GRILLS,RESTAURANTS,IRANIAN RESTAURANTS,412,50.53743543,26.22692258,"26.22692258, 50.53743543"
BICE RESTAURANT,RESTAURANTS,ITALIAN RESTAURANTS,316,50.58169784,26.23880475,"26.23880475, 50.5816978399999"
LA PERGOLA,RESTAURANTS,ITALIAN RESTAURANTS,338,50.59567989,26.21530771,"26.21530771, 50.59567989"
LA TAVERNA,RESTAURANTS,ITALIAN RESTAURANTS,304,50.57310493,26.23190434,"26.23190434, 50.57310493"
LA TAVERNA SUL MARE RESTAURANT,RESTAURANTS,ITALIAN RESTAURANTS,322,50.60026049,26.22879756,"26.22879756, 50.6002604899999"
MASSO RESTAURANT,RESTAURANTS,ITALIAN RESTAURANTS,338,50.59594745,26.20770859,"26.2077085899999, 50.5959474499999"
MRS VANELLI'S RESTAURANT,RESTAURANTS,ITALIAN RESTAURANTS,346,50.55438908,26.23231781,"26.23231781, 50.55438908"
MRS VANELLI'S RESTAURANT,RESTAURANTS,ITALIAN RESTAURANTS,373,50.56831014,26.20282809,"26.20282809, 50.56831014"
MY KITCHEN RESTAURANT,RESTAURANTS,ITALIAN RESTAURANTS,257,50.6638543,26.29918734,"26.29918734, 50.6638542999999"
NINO RESTAURANT,RESTAURANTS,ITALIAN RESTAURANTS,428,50.54170487,26.23265137,"26.2326513699999, 50.5417048699999"
NINO RESTAURANT,RESTAURANTS,ITALIAN RESTAURANTS,942,50.55374871,26.10118642,"26.10118642, 50.55374871"
PASTA EXPRESS,RESTAURANTS,ITALIAN RESTAURANTS,814,50.56488543,26.16894746,"26.1689474599999, 50.5648854299999"
PASTARITO,RESTAURANTS,ITALIAN RESTAURANTS,999,50.61837193,25.82931981,"25.82931981, 50.61837193"
FUJI SUSHI BAR,RESTAURANTS,JAPANESE RESTAURANTS,317,50.58883136,26.23930207,"26.23930207, 50.58883136"
KOJO RESTARAUNT,RESTAURANTS,JAPANESE RESTAURANTS,718,50.54211756,26.16523163,"26.16523163, 50.54211756"
MONSOON RESTAURANT,RESTAURANTS,JAPANESE RESTAURANTS,338,50.59189874,26.21363796,"26.21363796, 50.5918987399999"
VENETO,RESTAURANTS,JAPANESE RESTAURANTS,611,50.60144367,26.169184,"26.1691839999999, 50.60144367"
AL BERDAOUNI RESTAURANT,RESTAURANTS,LEBANESE RESTAURANTS,315,50.57436246,26.23448294,"26.2344829399999, 50.57436246"
AL FAYEZ RESTAURANT,RESTAURANTS,LEBANESE RESTAURANTS,346,50.56525498,26.23583114,"26.2358311399999, 50.5652549799999"
AL JAWHARAH RESTAURANT,RESTAURANTS,LEBANESE RESTAURANTS,907,50.57263498,26.11616508,"26.1161650799999, 50.5726349799999"
AL SAAFA GRILLS & RESTAURANT,RESTAURANTS,LEBANESE RESTAURANTS,814,50.56111554,26.17193599,"26.17193599, 50.56111554"
AL SHOALAH RESTAURANT,RESTAURANTS,LEBANESE RESTAURANTS,721,50.555417,26.176006,"26.1760059999999, 50.5554169999999"
CARLAS LEBANESE BISTRO,RESTAURANTS,LEBANESE RESTAURANTS,509,50.48598096,26.21731374,"26.21731374, 50.4859809599999"
GROPPI RESTAURANT & GRILL,RESTAURANTS,LEBANESE RESTAURANTS,701,50.54223461,26.18533289,"26.18533289, 50.54223461"
LEBANON RESTAURANT,RESTAURANTS,LEBANESE RESTAURANTS,707,50.55777229,26.18633715,"26.18633715, 50.55777229"
LEBANON RESTAURANT,RESTAURANTS,LEBANESE RESTAURANTS,721,50.55459297,26.17666034,"26.17666034, 50.55459297"
MOROOSH GRILLS,RESTAURANTS,LEBANESE RESTAURANTS,913,50.55866405,26.1308009,"26.1308009, 50.5586640499999"
RAYES RESTAURANT,RESTAURANTS,LEBANESE RESTAURANTS,322,50.60045421,26.22855873,"26.22855873, 50.60045421"
TAYLOS RESTAURANT,RESTAURANTS,LEBANESE RESTAURANTS,303,50.57047952,26.22925874,"26.2292587399999, 50.5704795199999"
YAMIN JANA RESTAURANT,RESTAURANTS,LEBANESE RESTAURANTS,257,50.67187555,26.28642555,"26.28642555, 50.67187555"
ZAHLAWIYA RESTAURANT,RESTAURANTS,LEBANESE RESTAURANTS,338,50.59077189,26.21479761,"26.21479761, 50.5907718899999"
ZAHLE RESTAURANT,RESTAURANTS,LEBANESE RESTAURANTS,338,50.59567989,26.21530771,"26.21530771, 50.59567989"
ZAYT ZAYTOON RESTAURANT,RESTAURANTS,LEBANESE RESTAURANTS,720,50.54089215,26.16945458,"26.16945458, 50.5408921499999"
BURRITO LOCO MEXICAN GRILLE RESTAURANT,RESTAURANTS,MEXICAN RESTAURANTS,340,50.60928315,26.21091016,"26.21091016, 50.60928315"
JALAPENO CHARLIE'S RESTAURANT,RESTAURANTS,MEXICAN RESTAURANTS,575,50.48130511,26.17845759,"26.17845759, 50.48130511"
SENIOR PACOS,RESTAURANTS,MEXICAN RESTAURANTS,336,50.59146858,26.20795498,"26.20795498, 50.5914685799999"
ABU DHABI RESTAURANT,RESTAURANTS,OTHER RESTAURANTS,704,50.53465302,26.18611058,"26.18611058, 50.53465302"
ABU JUMʻA GRILL,RESTAURANTS,OTHER RESTAURANTS,203,50.61153617,26.26063813,"26.26063813, 50.61153617"
ABU SUBEH RESTAURANT,RESTAURANTS,OTHER RESTAURANTS,536,50.46965747,26.21533234,"26.21533234, 50.46965747"
AGHA RESTAURANT,RESTAURANTS,OTHER RESTAURANTS,321,50.5925657,26.22718393,"26.2271839299999, 50.5925657"
AHMADI RESTAURANT,RESTAURANTS,OTHER RESTAURANTS,304,50.57567409,26.23282398,"26.2328239799999, 50.57567409"
AIN ABDAN GRILLS,RESTAURANTS,OTHER RESTAURANTS,608,50.61518629,26.16329531,"26.1632953099999, 50.6151862899999"
AJAITAH RESTAURANT,RESTAURANTS,OTHER RESTAURANTS,810,50.54665499,26.17232789,"26.1723278899999, 50.54665499"
AL ʻAOZOOMAH RESTAURANT,RESTAURANTS,OTHER RESTAURANTS,302,50.5747334,26.22638981,"26.22638981, 50.5747334"
AL AQEELAH RESTAURANT,RESTAURANTS,OTHER RESTAURANTS,701,50.54337051,26.18490181,"26.18490181, 50.54337051"
AL BEDAR RESTAURANT,RESTAURANTS,OTHER RESTAURANTS,914,50.55445689,26.12972829,"26.1297282899999, 50.5544568899999"
AL CARAWAN RESTAURANT,RESTAURANTS,OTHER RESTAURANTS,606,50.611923,26.16454688,"26.16454688, 50.6119229999999"
AL ENSAF RESTAURANT,RESTAURANTS,OTHER RESTAURANTS,252,50.64997012,26.27230979,"26.27230979, 50.6499701199999"
AL GHABRA RESTAURANTS,RESTAURANTS,OTHER RESTAURANTS,704,50.53294964,26.17903724,"26.17903724, 50.5329496399999"
AL HAMALAYA RESTAURANT,RESTAURANTS,OTHER RESTAURANTS,1203,50.49475168,26.14212768,"26.14212768, 50.49475168"
AL HANAA RESTAURANT,RESTAURANTS,OTHER RESTAURANTS,307,50.5842747,26.2278664,"26.2278664, 50.5842747"
AL HASEER RESTAURANT,RESTAURANTS,OTHER RESTAURANTS,1048,50.50521991,26.0658064,"26.0658064, 50.50521991"
AL HASHEL RESTAURANT,RESTAURANTS,OTHER RESTAURANTS,905,50.56620751,26.12371604,"26.12371604, 50.5662075099999"
AL HAYAT RESTAURANT,RESTAURANTS,OTHER RESTAURANTS,307,50.58609597,26.22826985,"26.22826985, 50.58609597"
AL HEJAZ BEAN RESTAURANT,RESTAURANTS,OTHER RESTAURANTS,318,50.59364144,26.23453663,"26.23453663, 50.5936414399999"
AL HUTAIM GRILLS,RESTAURANTS,OTHER RESTAURANTS,1048,50.50534933,26.06509321,"26.06509321, 50.50534933"
AL JAMARAT RESTAURANT,RESTAURANTS,OTHER RESTAURANTS,302,50.5726093,26.22814919,"26.22814919, 50.5726093"
AL KHALIDIYAH RESTAURANT,RESTAURANTS,OTHER RESTAURANTS,928,50.5136599,26.12958489,"26.12958489, 50.5136599"
AL KHARTOM RESTAURANT,RESTAURANTS,OTHER RESTAURANTS,903,50.56732885,26.11887345,"26.1188734499999, 50.56732885"
AL MAADABA RESTAURANT,RESTAURANTS,OTHER RESTAURANTS,449,50.51767139,26.21683527,"26.21683527, 50.5176713899999"
AL MADHIF RESTAURANT,RESTAURANTS,OTHER RESTAURANTS,1203,50.49720277,26.14253868,"26.14253868, 50.49720277"
AL MAHBOOB RESTAURANT,RESTAURANTS,OTHER RESTAURANTS,305,50.58271514,26.23388793,"26.23388793, 50.5827151399999"
AL MANAZEL PROSTED,RESTAURANTS,OTHER RESTAURANTS,927,50.5748462,26.12629813,"26.1262981299999, 50.5748462"
AL MAREEKH RESTAURANT,RESTAURANTS,OTHER RESTAURANTS,606,50.61032637,26.16447395,"26.16447395, 50.61032637"
AL MASSAH RESTAURANT,RESTAURANTS,OTHER RESTAURANTS,301,50.57879651,26.23073852,"26.2307385199999, 50.5787965099999"
AL MEMARI CAFETERIA,RESTAURANTS,OTHER RESTAURANTS,318,50.59418068,26.23357521,"26.23357521, 50.59418068"
AL MUNASABAT RESTAURANT,RESTAURANTS,OTHER RESTAURANTS,211,50.6119663,26.25273572,"26.25273572, 50.6119662999999"
AL NAHAR RESTAURANT,RESTAURANTS,OTHER RESTAURANTS,227,50.6074292,26.26740302,"26.26740302, 50.6074291999999"
AL NAJAF LIGHTING RESTAURANT,RESTAURANTS,OTHER RESTAURANTS,235,50.63594965,26.28135844,"26.2813584399999, 50.63594965"
AL NAJAF SEA RESTAURANT,RESTAURANTS,OTHER RESTAURANTS,450,50.51580162,26.21808241,"26.21808241, 50.5158016199999"
AL RUQYAN RESTAURANT,RESTAURANTS,OTHER RESTAURANTS,305,50.58086518,26.23242463,"26.23242463, 50.58086518"
AL SAFRAJEL RESTAURANT,RESTAURANTS,OTHER RESTAURANTS,439,50.53251143,26.2028182,"26.2028181999999, 50.53251143"
AL SHAMADAN GRILLS,RESTAURANTS,OTHER RESTAURANTS,1218,50.50618906,26.10587998,"26.10587998, 50.5061890599999"
AL SHUAA RESTAURANT,RESTAURANTS,OTHER RESTAURANTS,414,50.53628998,26.22126712,"26.22126712, 50.5362899799999"
AL SOWAIFYA RESTAURANT,RESTAURANTS,OTHER RESTAURANTS,314,50.56581083,26.22829814,"26.22829814, 50.5658108299999"
AL TABREKAAT RESTAURANT,RESTAURANTS,OTHER RESTAURANTS,314,50.56576855,26.22867223,"26.22867223, 50.56576855"
AL WASIL GRILL PASTERIES,RESTAURANTS,OTHER RESTAURANTS,469,50.51083955,26.21817562,"26.21817562, 50.51083955"
AL WASMIYA RESTAURANT,RESTAURANTS,OTHER RESTAURANTS,304,50.57761557,26.23239487,"26.23239487, 50.5776155699999"
AL YAQOOT RESTAURANT,RESTAURANTS,OTHER RESTAURANTS,309,50.58132892,26.22693681,"26.22693681, 50.5813289199999"
AL ZAFARAN RESTAURANT,RESTAURANTS,OTHER RESTAURANTS,302,50.57190535,26.22881915,"26.22881915, 50.57190535"
AL ZAWRAA RESTAURANT,RESTAURANTS,OTHER RESTAURANTS,604,50.6122443,26.16957265,"26.1695726499999, 50.6122443"
AL ZHRANIYA RESTAURANT,RESTAURANTS,OTHER RESTAURANTS,302,50.57296865,26.22449504,"26.22449504, 50.57296865"
ALAHFFAD RESTAURANT,RESTAURANTS,OTHER RESTAURANTS,308,50.58582047,26.22650881,"26.2265088099999, 50.58582047"
ALAMANA CAFETERIA,RESTAURANTS,OTHER RESTAURANTS,205,50.61277803,26.2603462,"26.2603462, 50.61277803"
ALBASMA RESTAURANT,RESTAURANTS,OTHER RESTAURANTS,901,50.56596454,26.12160193,"26.12160193, 50.56596454"
ALJARADI RESTAURANT,RESTAURANTS,OTHER RESTAURANTS,302,50.57322895,26.22465706,"26.2246570599999, 50.57322895"
ALL IN ONE RESTAURANT,RESTAURANTS,OTHER RESTAURANTS,203,50.61096051,26.2607135,"26.2607135, 50.6109605099999"
ALNASEEM RESTAURANT,RESTAURANTS,OTHER RESTAURANTS,302,50.57339296,26.22870693,"26.22870693, 50.57339296"
ALRAZZAQ RESTAURANT,RESTAURANTS,OTHER RESTAURANTS,302,50.57278791,26.22441286,"26.22441286, 50.57278791"
ALSHAAER RESTAURANT,RESTAURANTS,OTHER RESTAURANTS,928,50.51349831,26.13111825,"26.13111825, 50.51349831"
ALUNS GRILLS,RESTAURANTS,OTHER RESTAURANTS,721,50.56421299,26.17037278,"26.17037278, 50.56421299"
AMMAR RESTAURANT,RESTAURANTS,OTHER RESTAURANTS,304,50.57605446,26.2324234,"26.2324233999999, 50.57605446"
AMWAJ ALSEEF CAFETERIA,RESTAURANTS,OTHER RESTAURANTS,1204,50.50653434,26.13510212,"26.1351021199999, 50.50653434"
ARABELLA CATERING,RESTAURANTS,OTHER RESTAURANTS,904,50.54129822,26.12894282,"26.1289428199999, 50.54129822"
ARABIAN CORNER,RESTAURANTS,OTHER RESTAURANTS,351,50.55313658,26.22935923,"26.22935923, 50.55313658"
ASEEL CAFETERIA,RESTAURANTS,OTHER RESTAURANTS,204,50.61787286,26.26137423,"26.26137423, 50.6178728599999"
ASWAR RESTAURANT,RESTAURANTS,OTHER RESTAURANTS,320,50.59540242,26.23238652,"26.2323865199999, 50.5954024199999"
AVANTI COFFEE & RESTAURANT,RESTAURANTS,OTHER RESTAURANTS,428,50.53771994,26.23951047,"26.2395104699999, 50.53771994"
AWAL RESTAURANT,RESTAURANTS,OTHER RESTAURANTS,308,50.58421698,26.22716165,"26.2271616499999, 50.58421698"
AWISHAH RESTAURANT,RESTAURANTS,OTHER RESTAURANTS,252,50.64997645,26.27227099,"26.2722709899999, 50.6499764499999"
BAHRAIN HOUSE RESTAURANT,RESTAURANTS,OTHER RESTAURANTS,304,50.57423932,26.23160644,"26.23160644, 50.5742393199999"
BAM BAGUETTES RESTAURANT,RESTAURANTS,OTHER RESTAURANTS,341,50.60535246,26.21079973,"26.21079973, 50.6053524599999"
BANGKOK RESTAURANT,RESTAURANTS,OTHER RESTAURANTS,337,50.5963097,26.20460151,"26.20460151, 50.5963096999999"
BANGLADISH RESTAURANT,RESTAURANTS,OTHER RESTAURANTS,302,50.57254226,26.22793459,"26.22793459, 50.5725422599999"
BEIRUT RESTAURANT,RESTAURANTS,OTHER RESTAURANTS,317,50.59008327,26.23925975,"26.2392597499999, 50.59008327"
BIN DARWISH RESTAURANT,RESTAURANTS,OTHER RESTAURANTS,303,50.57161437,26.22667027,"26.22667027, 50.5716143699999"
BIN HAMADA CAFETERIA,RESTAURANTS,OTHER RESTAURANTS,813,50.55693358,26.1661724,"26.1661724, 50.5569335799999"
BLACK COLD RESTAURANT,RESTAURANTS,OTHER RESTAURANTS,624,50.6051995,26.13963993,"26.13963993, 50.6051994999999"
BRONAI RESTAURANT,RESTAURANTS,OTHER RESTAURANTS,302,50.57325216,26.22830995,"26.22830995, 50.57325216"
BROSTED LAND RESTAURANT,RESTAURANTS,OTHER RESTAURANTS,308,50.58840592,26.22838401,"26.2283840099999, 50.58840592"
BU HAMEED RESTAURANT,RESTAURANTS,OTHER RESTAURANTS,1034,50.48656717,26.09741407,"26.0974140699999, 50.48656717"
BYE BYE RESTAURANT,RESTAURANTS,OTHER RESTAURANTS,302,50.57479946,26.2260051,"26.2260050999999, 50.57479946"
CAESAR SWEETS AND PASTRIES,RESTAURANTS,OTHER RESTAURANTS,721,50.56071733,26.17451253,"26.17451253, 50.56071733"
CALICUT RESTAURANT,RESTAURANTS,OTHER RESTAURANTS,304,50.57290641,26.22949898,"26.2294989799999, 50.57290641"
CHIC KING INTERNATIONAL RESTAURANT,RESTAURANTS,OTHER RESTAURANTS,907,50.57560728,26.11659031,"26.1165903099999, 50.57560728"
CITY PALACE RESTAURANT,RESTAURANTS,OTHER RESTAURANTS,646,50.58935776,26.13459697,"26.13459697, 50.5893577599999"
COMILLA RESTAURANT,RESTAURANTS,OTHER RESTAURANTS,302,50.57406381,26.22915215,"26.22915215, 50.5740638099999"
COWPOY RESTAURANT,RESTAURANTS,OTHER RESTAURANTS,318,50.59174843,26.23387151,"26.23387151, 50.59174843"
CRYSTAL RESTAURANT,RESTAURANTS,OTHER RESTAURANTS,304,50.57443693,26.23281613,"26.23281613, 50.5744369299999"
DANA RESTAURANT,RESTAURANTS,OTHER RESTAURANTS,343,50.60111174,26.20049157,"26.20049157, 50.60111174"
EATERY FINE DINING RESTAURANT,RESTAURANTS,OTHER RESTAURANTS,533,50.47715901,26.19775446,"26.1977544599999, 50.47715901"
EMPALA RESTAURANT,RESTAURANTS,OTHER RESTAURANTS,318,50.591114,26.23079401,"26.23079401, 50.5911139999999"
EXHIBITIONS CAFETERIA,RESTAURANTS,OTHER RESTAURANTS,435,50.52837532,26.21259266,"26.2125926599999, 50.52837532"
FATHI RESTAURANT,RESTAURANTS,OTHER RESTAURANTS,302,50.57343783,26.22597407,"26.2259740699999, 50.57343783"
FAVOURITE RESTAURANT,RESTAURANTS,OTHER RESTAURANTS,321,50.59298191,26.22665496,"26.22665496, 50.5929819099999"
FELFELA RESTAURANT,RESTAURANTS,OTHER RESTAURANTS,208,50.61811385,26.25144658,"26.25144658, 50.61811385"
GOLDEN NOODLES RESTAURANT,RESTAURANTS,OTHER RESTAURANTS,351,50.55302297,26.22924193,"26.22924193, 50.55302297"
GOLDEN PLATES RESTAURANT,RESTAURANTS,OTHER RESTAURANTS,320,50.59675075,26.23286653,"26.2328665299999, 50.5967507499999"
GOLDEN ROSE RESTAURANT,RESTAURANTS,OTHER RESTAURANTS,307,50.58588624,26.22835684,"26.22835684, 50.58588624"
GREEN CAPSICUM RESTAURANT,RESTAURANTS,OTHER RESTAURANTS,311,50.57052245,26.2197154,"26.2197153999999, 50.5705224499999"
GREEN VALLEY RESTAURANT,RESTAURANTS,OTHER RESTAURANTS,327,50.58585248,26.21296766,"26.21296766, 50.58585248"
GRILLS AND BROASTED 442,RESTAURANTS,OTHER RESTAURANTS,363,50.55839696,26.21050183,"26.2105018299999, 50.55839696"
GROPY GRILLS,RESTAURANTS,OTHER RESTAURANTS,213,50.61392019,26.25143682,"26.2514368199999, 50.61392019"
HAPPY LAND RESTAURANT,RESTAURANTS,OTHER RESTAURANTS,425,50.53396944,26.21565768,"26.21565768, 50.53396944"
HAVANA RESTAURANT,RESTAURANTS,OTHER RESTAURANTS,320,50.59752812,26.23053077,"26.23053077, 50.59752812"
HIDD RESTAURANT,RESTAURANTS,OTHER RESTAURANTS,104,50.65478302,26.24595086,"26.24595086, 50.6547830199999"
HIGH TOP INTERNATIONAL RESTAURANT,RESTAURANTS,OTHER RESTAURANTS,327,50.58535997,26.21768724,"26.21768724, 50.5853599699999"
HOT AND COLD CAFETERIA,RESTAURANTS,OTHER RESTAURANTS,318,50.59291392,26.23498933,"26.23498933, 50.59291392"
HOT POT RESTAURANT,RESTAURANTS,OTHER RESTAURANTS,308,50.58364455,26.22526023,"26.22526023, 50.58364455"
HOTERS RESTAURANT,RESTAURANTS,OTHER RESTAURANTS,308,50.58808143,26.22585632,"26.2258563199999, 50.58808143"
HOUSE BOAR RESTAURANT,RESTAURANTS,OTHER RESTAURANTS,257,50.66355045,26.28821676,"26.28821676, 50.66355045"
IBN AL ʻAZZ RESTAURANT,RESTAURANTS,OTHER RESTAURANTS,646,50.58573298,26.13547737,"26.13547737, 50.58573298"
JAHRAMI RESTAURANT,RESTAURANTS,OTHER RESTAURANTS,215,50.60890557,26.24881684,"26.24881684, 50.6089055699999"
JIMMYS KILLER PRAWNS,RESTAURANTS,OTHER RESTAURANTS,240,50.62587922,26.25395988,"26.25395988, 50.62587922"
JUBRAN RESTAURANT,RESTAURANTS,OTHER RESTAURANTS,302,50.57423069,26.2290765,"26.2290765, 50.57423069"
KABABJI RESTAURANT,RESTAURANTS,OTHER RESTAURANTS,302,50.57446156,26.22959246,"26.2295924599999, 50.57446156"
KABANA RESTAURANT,RESTAURANTS,OTHER RESTAURANTS,301,50.58132985,26.22948949,"26.2294894899999, 50.58132985"
KABANA RESTAURANT,RESTAURANTS,OTHER RESTAURANTS,905,50.56826831,26.120827,"26.1208269999999, 50.56826831"
KALAVARA RESTAURANT,RESTAURANTS,OTHER RESTAURANTS,311,50.56809862,26.21823545,"26.21823545, 50.56809862"
KARRAR RESTAURANT,RESTAURANTS,OTHER RESTAURANTS,302,50.57229291,26.22694163,"26.2269416299999, 50.57229291"
KENNY ROGERS ROASTER RESTAURANT,RESTAURANTS,OTHER RESTAURANTS,366,50.54481728,26.19760704,"26.19760704, 50.5448172799999"
KHAYAM RESTAURANT,RESTAURANTS,OTHER RESTAURANTS,604,50.61028603,26.17345901,"26.1734590099999, 50.6102860299999"
KING KRAK CAFETERIA,RESTAURANTS,OTHER RESTAURANTS,216,50.61573137,26.24397304,"26.24397304, 50.6157313699999"
KIRALY RESTAURANT,RESTAURANTS,OTHER RESTAURANTS,304,50.57596421,26.23260616,"26.23260616, 50.57596421"
KOLON RESTAURANT,RESTAURANTS,OTHER RESTAURANTS,318,50.59388453,26.2325527,"26.2325526999999, 50.5938845299999"
KULSHAN RESTAURANT,RESTAURANTS,OTHER RESTAURANTS,341,50.60161534,26.20937196,"26.2093719599999, 50.60161534"
LA ROCHE COFFEE & RESTAURANT,RESTAURANTS,OTHER RESTAURANTS,338,50.59567635,26.21215851,"26.2121585099999, 50.5956763499999"
LANTERNS LOUNGE AND RESTAURANT,RESTAURANTS,OTHER RESTAURANTS,338,50.59289607,26.21320102,"26.21320102, 50.59289607"
LIFE LAND RESTAURANT,RESTAURANTS,OTHER RESTAURANTS,907,50.57405714,26.11560238,"26.1156023799999, 50.57405714"
LINA RESTAURANT,RESTAURANTS,OTHER RESTAURANTS,318,50.59371831,26.2328394,"26.2328394, 50.59371831"
LMDALAL RESTAURANT,RESTAURANTS,OTHER RESTAURANTS,222,50.6081168,26.26438097,"26.26438097, 50.6081167999999"
MAGICAL CHICKEN RESTAURANT,RESTAURANTS,OTHER RESTAURANTS,917,50.56579867,26.12943278,"26.1294327799999, 50.56579867"
MAIMOOZA PASTRIES & SHAWARMA,RESTAURANTS,OTHER RESTAURANTS,302,50.57348429,26.2274599,"26.2274598999999, 50.57348429"
MALAYSIA EXPRESS CAFETERIA,RESTAURANTS,OTHER RESTAURANTS,913,50.56107042,26.13178178,"26.13178178, 50.56107042"
MANAMA TAJ RESTAURANT,RESTAURANTS,OTHER RESTAURANTS,304,50.57555367,26.23282645,"26.23282645, 50.5755536699999"
MANDALI RESTAURANT,RESTAURANTS,OTHER RESTAURANTS,304,50.57523094,26.23048843,"26.23048843, 50.5752309399999"
MARAN RESTAURANT,RESTAURANTS,OTHER RESTAURANTS,302,50.57439753,26.22600031,"26.22600031, 50.5743975299999"
MASHMOOM RESTAURANT,RESTAURANTS,OTHER RESTAURANTS,912,50.54349408,26.13027452,"26.13027452, 50.54349408"
MASHTAN CAFETERIA,RESTAURANTS,OTHER RESTAURANTS,210,50.61809581,26.25764618,"26.2576461799999, 50.61809581"
MILLIONS OF MILKSHAKES,RESTAURANTS,OTHER RESTAURANTS,915,50.55953801,26.13588562,"26.13588562, 50.5595380099999"
MIRAJ RESTAURANT,RESTAURANTS,OTHER RESTAURANTS,939,50.57552636,26.13498147,"26.13498147, 50.5755263599999"
MIRAJ RESTAURANT & HALL FOR EVENTS,RESTAURANTS,OTHER RESTAURANTS,1014,50.48760075,26.14743896,"26.1474389599999, 50.4876007499999"
MUHAMMAD NOOR BUKHARI RESTAURANT,RESTAURANTS,OTHER RESTAURANTS,224,50.61631374,26.26609743,"26.2660974299999, 50.61631374"
MUHAMMAD NOOR BUKHARI RESTAURANT,RESTAURANTS,OTHER RESTAURANTS,320,50.59632878,26.23331189,"26.23331189, 50.59632878"
NHARAIN RESTAURANT,RESTAURANTS,OTHER RESTAURANTS,555,50.45138386,26.21251994,"26.21251994, 50.45138386"
NOODLE FACTORY RESTAURANT,RESTAURANTS,OTHER RESTAURANTS,257,50.6651231,26.28914553,"26.2891455299999, 50.6651231"
NOOR AL SABAH RESTAURANT,RESTAURANTS,OTHER RESTAURANTS,209,50.61212756,26.25565786,"26.2556578599999, 50.6121275599999"
NOOR ALWLAYA RESTAURANT & GRILLS,RESTAURANTS,OTHER RESTAURANTS,1033,50.48587965,26.09833341,"26.0983334099999, 50.48587965"
ONE TOUCH RESTAURANT,RESTAURANTS,OTHER RESTAURANTS,321,50.59671208,26.22564284,"26.2256428399999, 50.59671208"
ORIENTAL RESTAURANT,RESTAURANTS,OTHER RESTAURANTS,128,50.66185988,26.19949073,"26.19949073, 50.66185988"
OUT OF THE BLUE RESTAURANT,RESTAURANTS,OTHER RESTAURANTS,326,50.58893068,26.21867895,"26.21867895, 50.5889306799999"
PANASIAN RESTAURANT,RESTAURANTS,OTHER RESTAURANTS,337,50.59648295,26.20194609,"26.20194609, 50.59648295"
PANORAMA RESTAURANT,RESTAURANTS,OTHER RESTAURANTS,318,50.59524673,26.23016388,"26.2301638799999, 50.59524673"
PAPA SAEED HEALTHY FOOD,RESTAURANTS,OTHER RESTAURANTS,646,50.58823812,26.13896678,"26.13896678, 50.58823812"
POPEYE PASTRIES,RESTAURANTS,OTHER RESTAURANTS,340,50.60634851,26.21098223,"26.2109822299999, 50.6063485099999"
POTATO CITY RESTAURANT,RESTAURANTS,OTHER RESTAURANTS,240,50.62592563,26.25406237,"26.25406237, 50.6259256299999"
QAEEDI GRILLS,RESTAURANTS,OTHER RESTAURANTS,314,50.56926928,26.22859835,"26.2285983499999, 50.56926928"
QAZWEEN BROASTED,RESTAURANTS,OTHER RESTAURANTS,307,50.58524792,26.22806722,"26.22806722, 50.58524792"
REEM ALBAWADI CAFETERIA,RESTAURANTS,OTHER RESTAURANTS,216,50.61645846,26.24438658,"26.24438658, 50.6164584599999"
REEM RESTAURANT,RESTAURANTS,OTHER RESTAURANTS,704,50.53289337,26.18606182,"26.1860618199999, 50.5328933699999"
RIDAN RESTAURANT,RESTAURANTS,OTHER RESTAURANTS,721,50.56141284,26.17961275,"26.17961275, 50.56141284"
RIO CAFETERIA,RESTAURANTS,OTHER RESTAURANTS,210,50.617142,26.25727668,"26.25727668, 50.617142"
SABA KINGDOM RESTAURANT,RESTAURANTS,OTHER RESTAURANTS,203,50.61137048,26.26043984,"26.26043984, 50.6113704799999"
SABERAH RESTAURANT,RESTAURANTS,OTHER RESTAURANTS,925,50.56999075,26.12472345,"26.12472345, 50.56999075"
SADAF CAFE AND RESTAURANT,RESTAURANTS,OTHER RESTAURANTS,257,50.66438696,26.28945418,"26.28945418, 50.66438696"
SAFASIF RESTAURANT,RESTAURANTS,OTHER RESTAURANTS,517,50.48711038,26.19514077,"26.1951407699999, 50.4871103799999"
SAFWAN RESTAURANT,RESTAURANTS,OTHER RESTAURANTS,102,50.65487359,26.24905694,"26.2490569399999, 50.65487359"
SAHAR RESTAURANT,RESTAURANTS,OTHER RESTAURANTS,339,50.59678262,26.20444342,"26.20444342, 50.5967826199999"
SAIYAF RESTAURANT,RESTAURANTS,OTHER RESTAURANTS,205,50.6119326,26.2556082,"26.2556082, 50.6119326"
SAKINAH RESTAURANT,RESTAURANTS,OTHER RESTAURANTS,321,50.59220062,26.22856247,"26.22856247, 50.59220062"
SARINA RESTAURANT,RESTAURANTS,OTHER RESTAURANTS,302,50.57375151,26.2288762,"26.2288761999999, 50.57375151"
SHAFLOOT RESTAURANT,RESTAURANTS,OTHER RESTAURANTS,321,50.58911802,26.22630883,"26.22630883, 50.58911802"
SHAYMA RESTAURANT,RESTAURANTS,OTHER RESTAURANTS,301,50.5792508,26.22767503,"26.22767503, 50.5792507999999"
SHEESHAL GATE RESTAURANT,RESTAURANTS,OTHER RESTAURANTS,555,50.45095817,26.21117979,"26.2111797899999, 50.45095817"
SILAN RESTAURANT,RESTAURANTS,OTHER RESTAURANTS,321,50.59336119,26.22683481,"26.22683481, 50.59336119"
SILVER RESTAURANT,RESTAURANTS,OTHER RESTAURANTS,303,50.57214529,26.22611624,"26.22611624, 50.57214529"
SITRA RESTAURANT,RESTAURANTS,OTHER RESTAURANTS,608,50.61629797,26.16020446,"26.1602044599999, 50.6162979699999"
SUFRAT AL MUHARRAQ RESTAURANT,RESTAURANTS,OTHER RESTAURANTS,304,50.57802856,26.23161393,"26.23161393, 50.57802856"
SUPREEM RESTAURANT,RESTAURANTS,OTHER RESTAURANTS,318,50.59239994,26.23206119,"26.23206119, 50.59239994"
SWEETY TWEETY PASTRIES,RESTAURANTS,OTHER RESTAURANTS,815,50.56721713,26.16139152,"26.1613915199999, 50.56721713"
TABAKH PLUS RESTAURANT,RESTAURANTS,OTHER RESTAURANTS,309,50.58380998,26.22407103,"26.22407103, 50.5838099799999"
TABREEZ RESTAURANT,RESTAURANTS,OTHER RESTAURANTS,423,50.53778046,26.21904868,"26.21904868, 50.53778046"
TAKE AWAY RESTAURANT,RESTAURANTS,OTHER RESTAURANTS,228,50.59800806,26.26381742,"26.2638174199999, 50.5980080599999"
TAKE AWAY RESTAURANT,RESTAURANTS,OTHER RESTAURANTS,428,50.53981634,26.23579913,"26.23579913, 50.53981634"
TASHQAND RESTAURANT,RESTAURANTS,OTHER RESTAURANTS,428,50.53788533,26.23204233,"26.2320423299999, 50.53788533"
THE GREAT WALL RESTAURANT,RESTAURANTS,OTHER RESTAURANTS,337,50.59410497,26.20315866,"26.20315866, 50.59410497"
THE MOROCCON GALLERY COFFEE SHOP,RESTAURANTS,OTHER RESTAURANTS,318,50.59351981,26.23467127,"26.23467127, 50.5935198099999"
THE ORIGINAL RESTAURANT,RESTAURANTS,OTHER RESTAURANTS,504,50.49225397,26.21937889,"26.21937889, 50.49225397"
THE PLAZA RESTAURANT,RESTAURANTS,OTHER RESTAURANTS,436,50.53512324,26.2383521,"26.2383521, 50.5351232399999"
TITANIC RESTAURANT,RESTAURANTS,OTHER RESTAURANTS,301,50.57955475,26.22677443,"26.2267744299999, 50.57955475"
TOP HOME RESTAURANT,RESTAURANTS,OTHER RESTAURANTS,304,50.57518737,26.23046383,"26.23046383, 50.57518737"
TURKISH MAZAYA OVEN,RESTAURANTS,OTHER RESTAURANTS,318,50.59536531,26.23175498,"26.23175498, 50.5953653099999"
UMM OMAR CAFETERIA,RESTAURANTS,OTHER RESTAURANTS,1204,50.50746802,26.13303464,"26.13303464, 50.5074680199999"
WADIYAN RESTAURANT,RESTAURANTS,OTHER RESTAURANTS,1203,50.49678402,26.14276168,"26.14276168, 50.49678402"
WARSOO RESTAURANT,RESTAURANTS,OTHER RESTAURANTS,307,50.58795153,26.23084602,"26.23084602, 50.5879515299999"
WILDSIDE BARBEQUE RESTAURANT,RESTAURANTS,OTHER RESTAURANTS,575,50.48092201,26.17827704,"26.17827704, 50.48092201"
ZAHRAT AL MUHARRAQ RESTAURANT,RESTAURANTS,OTHER RESTAURANTS,211,50.60862107,26.25019018,"26.25019018, 50.6086210699999"
ZAID RESTAURANT,RESTAURANTS,OTHER RESTAURANTS,302,50.57367564,26.22877423,"26.2287742299999, 50.5736756399999"
CAESARS PIZZA,RESTAURANTS,PIZZA,518,50.49034297,26.22049625,"26.22049625, 50.49034297"
DOMINO'S PIZZA,RESTAURANTS,PIZZA,450,50.51261823,26.21911953,"26.21911953, 50.51261823"
DOMINO'S PIZZA,RESTAURANTS,PIZZA,913,50.5592937,26.13107053,"26.1310705299999, 50.5592936999999"
DOMINO'S PIZZA,RESTAURANTS,PIZZA,1038,50.48860655,26.09274936,"26.0927493599999, 50.48860655"
KONO PIZZA,RESTAURANTS,PIZZA,513,50.49991896,26.20345146,"26.20345146, 50.49991896"
LITTLE CAESARS RESTAURANT,RESTAURANTS,PIZZA,331,50.57575692,26.20543795,"26.20543795, 50.57575692"
METRO PIZZA,RESTAURANTS,PIZZA,517,50.48688639,26.19546306,"26.19546306, 50.48688639"
PAPA JOHNS,RESTAURANTS,PIZZA,257,50.66389798,26.2891062,"26.2891061999999, 50.66389798"
PAPA JOHNS,RESTAURANTS,PIZZA,316,50.57627001,26.23571253,"26.23571253, 50.57627001"
PAPA JOHNS,RESTAURANTS,PIZZA,341,50.60903674,26.21073659,"26.21073659, 50.60903674"
PAPA JOHNS,RESTAURANTS,PIZZA,428,50.53653478,26.23174145,"26.23174145, 50.5365347799999"
PAPA JOHNS,RESTAURANTS,PIZZA,646,50.59033642,26.12649602,"26.12649602, 50.59033642"
PAPA JOHNS,RESTAURANTS,PIZZA,711,50.56272166,26.20153178,"26.20153178, 50.56272166"
PAPA JOHNS,RESTAURANTS,PIZZA,810,50.54859567,26.17171308,"26.17171308, 50.5485956699999"
PAPA JOHNS,RESTAURANTS,PIZZA,1014,50.48731742,26.14852844,"26.14852844, 50.4873174199999"
PAPA JOHNS,RESTAURANTS,PIZZA,1056,50.49934831,26.048884,"26.0488839999999, 50.49934831"
PIZZA HUT,RESTAURANTS,PIZZA,205,50.61250626,26.26113978,"26.26113978, 50.61250626"
PIZZA HUT,RESTAURANTS,PIZZA,341,50.60376064,26.20932743,"26.2093274299999, 50.6037606399999"
PIZZA HUT,RESTAURANTS,PIZZA,428,50.53665399,26.23173885,"26.2317388499999, 50.5366539899999"
PIZZA HUT,RESTAURANTS,PIZZA,646,50.59033642,26.12649602,"26.12649602, 50.59033642"
PIZZA HUT,RESTAURANTS,PIZZA,810,50.54759193,26.17196723,"26.17196723, 50.54759193"
PIZZA KING,RESTAURANTS,PIZZA,225,50.60571579,26.27116261,"26.27116261, 50.6057157899999"
PIZZA KING,RESTAURANTS,PIZZA,718,50.542341,26.16563705,"26.16563705, 50.542341"
PIZZA URBAN SLICE,RESTAURANTS,PIZZA,341,50.60614357,26.21081011,"26.21081011, 50.60614357"
AL SAYADEEN RESTAURANT,RESTAURANTS,SEAFOOD RESTAURANTS,216,50.6201425,26.24511925,"26.2451192499999, 50.6201425"
DIAMOND FISH RESTAURANT,RESTAURANTS,SEAFOOD RESTAURANTS,324,50.60452001,26.21885215,"26.21885215, 50.60452001"
FISH HOUSE RESTAURANT,RESTAURANTS,SEAFOOD RESTAURANTS,431,50.52451197,26.21732225,"26.2173222499999, 50.5245119699999"
MAES KITCHEN,RESTAURANTS,SEAFOOD RESTAURANTS,314,50.56463325,26.23018569,"26.2301856899999, 50.56463325"
PAUL,RESTAURANTS,SEAFOOD RESTAURANTS,346,50.55437794,26.23307731,"26.2330773099999, 50.55437794"
DA RAE JUNG RESTAURANT,RESTAURANTS,THAI RESTAURANTS,327,50.58877789,26.21485662,"26.2148566199999, 50.58877789"
HASH HOUSE RESTAURANT,RESTAURANTS,THAI RESTAURANTS,338,50.5928883,26.21464216,"26.21464216, 50.5928882999999"
SABAYDEE THAI RESTAURANT,RESTAURANTS,THAI RESTAURANTS,318,50.59494144,26.23259727,"26.2325972699999, 50.5949414399999"
THAI EXPRESS,RESTAURANTS,THAI RESTAURANTS,518,50.49033301,26.22056971,"26.2205697099999, 50.49033301"
WANG THAI RESTAURANT,RESTAURANTS,THAI RESTAURANTS,327,50.58811562,26.21498685,"26.2149868499999, 50.58811562"
ADAM BROASTED & SHAWARMA & PASTRIES,RESTAURANTS,TURKISH RESTAURANTS,222,50.60918688,26.2646198,"26.2646197999999, 50.60918688"
ADAM BROASTED & SHAWARMA & PASTRIES,RESTAURANTS,TURKISH RESTAURANTS,242,50.63320052,26.25488181,"26.25488181, 50.63320052"
AL FANOOS RESTAURANT,RESTAURANTS,TURKISH RESTAURANTS,407,50.54552886,26.20733197,"26.2073319699999, 50.5455288599999"
AMO ORHAN RESTAURANT,RESTAURANTS,TURKISH RESTAURANTS,721,50.5615318,26.17464192,"26.1746419199999, 50.5615317999999"
BU YAQOUB GRILLS,RESTAURANTS,TURKISH RESTAURANTS,216,50.616116,26.2477084,"26.2477084, 50.6161159999999"
ESKANDROON GRILLS,RESTAURANTS,TURKISH RESTAURANTS,319,50.59716257,26.23376795,"26.23376795, 50.59716257"
RAHI RELAX TURKISH FOOD,RESTAURANTS,TURKISH RESTAURANTS,422,50.53406622,26.219551,"26.2195509999999, 50.53406622"
TURKISH GRILL RESTAURANT,RESTAURANTS,TURKISH RESTAURANTS,341,50.60589949,26.210634,"26.2106339999999, 50.6058994899999"
BENNIGAN'S,RESTAURANTS,AMERICAN RESTAURANTS,324,50.60488624,26.21657354,"26.2165735399999, 50.6048862399999"
CHILIS,RESTAURANTS,AMERICAN RESTAURANTS,317,50.58879372,26.24133051,"26.24133051, 50.5887937199999"
CHILIS,RESTAURANTS,AMERICAN RESTAURANTS,351,50.55302488,26.22935338,"26.2293533799999, 50.55302488"
CHILIS,RESTAURANTS,AMERICAN RESTAURANTS,428,50.53786951,26.23173509,"26.23173509, 50.53786951"
